X,Y,id,field_4
"-150.0","72.0","1",
"-150.0","83.74","1",
"-126.091987445805","79.3339154646015","1",
"-125.480059516576","68.9867704794656","1",
